start_time,end_time,wav_file,emotion,V,A,D,speaker,transcriptions
221.7988,225.5594,Ses03M_impro02_F032,sad,1.5,2.5,3.5,Ses03F,Honey I can't do it anymore.
183.9704,187.7147,Ses02M_impro08_M026,neu,3.3333,2.6667,2.6667,Ses02M,Okay. All right. Then we'll get it sent out there. And
51.36,53.74,Ses04F_impro08_F002,neu,3.0,2.5,2.5,Ses04F,Okay.  Well I'd be happy to-
65.81,69.03,Ses05F_impro08_M007,ang,2.5,3.5,2.5,Ses05M,"Like I know I paid last month, but it hasn't been paid and you charged me a late fee."
125.5676,133.94799999999998,Ses03M_impro08a_M012,neu,3.0,4.0,4.0,Ses03M,"Um- Let me connect you to my supervisor.  Actually, he's out right now so I'm supervisor until he comes back. Um-"
47.34,53.11,Ses01F_impro02_F004,sad,2.5,2.0,2.5,Ses01F,"There's people that have given more though, you know?"
30.74,39.51,Ses05F_impro08_M004,ang,2.0,4.0,3.5,Ses05M,"This is ridiculous.  I- I seriously, I don't understand why you think these automated systems are supposed to like work for anybody.  They have never, ever work for me."
51.94,54.64,Ses03F_impro08_F007,neu,3.0,3.0,3.0,Ses03F,"Well, I know sir, and we all are busy."
5.36,8.98,Ses04M_impro02_M000,sad,2.5,2.0,1.5,Ses04M,It's only going to be a year.
252.3,258.53,Ses04M_impro07_M041,neu,3.0,3.5,4.0,Ses04M,I need to get like a -- just a small little gun just 'cause -- or like a taser or something or just like a butterfly knife
132.61,133.91,Ses05F_impro03_F031,hap,4.0,2.0,3.0,Ses05F,Yeah.
205.65,208.5721,Ses01M_impro06_M026,sad,2.5,3.0,3.5,Ses01M,For like eight years.
207.36,211.03,Ses05M_impro04_F028,neu,4.0,3.0,3.0,Ses05F,"Well, maybe we can find you something with juggling."
34.45,35.78,Ses01F_impro06_F003,neu,3.0,2.0,2.5,Ses01F,That's sweet.
81.52,85.5,Ses03M_impro05b_F012,neu,2.5,3.0,3.0,Ses03F,For tonight- For tonight sir.  Would you need to stay somewhere tonight?
54.02,55.5818,Ses02M_impro02_F005,sad,4.0,2.5,3.5,Ses02F,I hope so.
162.17,164.99,Ses01M_impro04_F021,neu,3.5,2.5,3.0,Ses01F,You have an excuse for everything.
154.57,156.89,Ses04F_impro06_M008,sad,2.5,2.0,2.5,Ses04M,Yeah.
18.5048,20.6139,Ses03M_impro02_M001,sad,2.5,2.0,2.0,Ses03M,Hey.
8.9084,11.9078,Ses02F_impro02_F000,sad,3.0,2.5,2.5,Ses02F,It's almost time for me to go.
207.0,209.66,Ses03M_impro08b_F024,neu,4.0,2.5,2.5,Ses03F,Alright Thanks.
240.3577,244.34900000000002,Ses03M_impro06_F020,sad,1.5,1.5,4.0,Ses03F,Now I can't.
175.27,178.43,Ses01F_impro04_F029,ang,1.5,4.0,4.0,Ses01F,Who do you think you are?
25.1125,27.86,Ses01M_impro05_F006,neu,2.5,2.5,3.0,Ses01F,I speak your language.
21.6685,24.6731,Ses03M_impro02_M002,sad,2.5,2.5,3.0,Ses03M,"Uh, -Um"
109.8178,116.1077,Ses02F_impro08_M009,neu,3.5,4.0,3.5,Ses02M,"Well, you know, we wanted to--we wanted to go to Maui and--That was a"
82.89,83.89,Ses03F_impro02_F012,sad,2.0,1.5,1.0,Ses03F,yeah
4.88,7.74,Ses01F_impro03_F000,hap,4.3333,2.6667,2.6667,Ses01F,Well Vegas was awesome.
15.12,17.52,Ses03M_impro08b_M000,neu,3.0,3.0,3.0,Ses03M,Hello?
84.1073,87.5694,Ses03M_impro02_F014,sad,1.5,3.0,3.5,Ses03F,Carry her for nine months and then yes.
17.0726,18.7868,Ses02F_impro08_F001,neu,4.0,2.5,3.5,Ses02F,"All right, sir."
57.3397,60.0098,Ses03F_impro06_F008,sad,4.0,2.5,3.0,Ses03F,I loved that boy.
243.1157,248.5775,Ses03M_impro03_M038,neu,4.0,2.5,3.0,Ses03M,I'm still working at my parents' restaurant. Busing tables.
80.46,83.44,Ses05F_impro02_M010,ang,2.0,3.5,2.5,Ses05M,Where do you have to go?  Where are you going?
90.36,98.61,Ses04F_impro07_M021,neu,3.5,3.0,4.0,Ses04M,"No, no.  It's totally cool.  I mean, like, this friend of mine he was- he's been undecided now for, like, the past like eleven years of his life."
311.09,313.31,Ses05F_impro04_M028,neu,3.0,3.5,3.0,Ses05M,I mean are you going in for interviews?
170.45,176.26,Ses05M_impro08_M021,neu,3.5,3.5,3.0,Ses05M,"Of course.  we seriously- Yeah, I mean, obviously you've worked- you know -- I don't want to hassle you anymore."
52.91,57.0,Ses04M_impro04_M004,neu,2.6667,3.0,2.6667,Ses04M,"there's just like no jobs available.  I mean, it's just like, God."
163.12,170.17,Ses05M_impro08_M020,neu,3.0,3.5,3.0,Ses05M,"Well, if it does happen again, let me give you my direct number and you can call me.  Actually, I'll give you my cell number. Um- It's --"
83.83,92.7,Ses05M_impro02_M013,sad,1.6667,3.6667,2.3333,Ses05M,I don't have -- I know.  What are we gonna- What are we- just run away?  What can I do?  Where can we go?
188.99,192.4,Ses05F_impro08_M025,hap,4.0,3.5,2.5,Ses05M,"That would be wonderful, that would be great seriously."
85.84,89.14,Ses01M_impro02_F009,sad,2.5,2.5,2.5,Ses01F,I don't even know what to tell you.
17.02,19.1226,Ses04M_impro06_M000,sad,2.5,2.0,2.0,Ses04M,Thanks.
81.54,82.79,Ses03M_impro04_F008,sad,3.0,2.0,1.5,Ses03F,Yeah.
6.6,8.66,Ses01F_impro03_M001,neu,4.3333,2.6667,2.3333,Ses01M,Yeah.  I heard.
63.81,67.88,Ses05M_impro05_F010,neu,3.0,1.6667,2.6667,Ses05F,"No, you have to buy it now.  It's like thirty dollar extra."
197.68,199.64,Ses04M_impro07_M029,neu,3.0,2.5,3.5,Ses04M,I'll go to basketball games.
100.2715,104.9224,Ses02M_impro05_F012,neu,2.5,3.0,3.0,Ses02F,"Sometimes it gets stolen, sometimes it gets misplaced on another plane and"
208.1118,212.0,Ses05F_impro05_F023,ang,2.0,4.0,4.0,Ses05F,And that you're going to transport them safely from one place to another.
3.6132,6.17,Ses05F_impro01_F000,neu,4.0,2.5,3.0,Ses05F,"Hi, I need an ID."
120.07,130.0,Ses05F_impro08_F017,neu,3.0,2.5,2.5,Ses05F,"Okay, I do see that on here, and it says that um, it had some trouble clearing for some reason.  And I think that was the problem on our end.  So um-"
67.1,72.19,Ses03M_impro05a_M013,ang,2.0,4.0,4.5,Ses03M,It's my mother's funeral tomorrow and the urn is in the suitcase.
49.92,52.31,Ses01M_impro05_F012,neu,3.0,3.5,3.5,Ses01F,so you flew in from Atlanta...
188.5,189.53,Ses05F_impro08_F025,neu,3.0,2.5,2.5,Ses05F,yeah.
42.08,45.59,Ses03M_impro08b_M003,neu,3.0,2.5,3.0,Ses03M,Alright Ms. Brown what's the nature of your problem?
47.37,52.94,Ses05M_impro05_M009,neu,2.6667,3.6667,3.0,Ses05M,"You know, this is actually, I mean it's -- it's a really important piece of luggage."
131.06,137.74,Ses01M_impro02_M017,sad,3.0,2.0,3.0,Ses01M,I know I have a good... I have a really good group of guys with me.
239.1062,242.6985,Ses01M_impro06_F028,neu,3.0,2.0,2.5,Ses01F,Are there things you wish you'd done differently?
110.04,118.68,Ses03M_impro05b_F016,neu,3.0,3.5,2.5,Ses03F,"Okay.  So if you can just give me your name, your name and your address and your phone number I can contact you as soon as we find out more information."
117.4822,118.2464,Ses02M_impro06_F007,sad,2.5,1.0,2.0,Ses02F,Yeah
37.7175,40.47,Ses01F_impro03_M007,hap,4.0,3.0,2.3333,Ses01M,[LAUGHTER] That's really romantic.
204.8979,208.8892,Ses03M_impro06_M028,sad,2.5,3.0,3.5,Ses03M,Working for corporate America?  Wow.
29.6894,33.1543,Ses03F_impro05_F002,ang,2.0,5.0,3.5,Ses03F,"Where? I don't know. The lost and found. What do you mean, lost and found?"
34.94,37.05,Ses03M_impro05a_M006,ang,1.5,4.0,4.5,Ses03M,You don't know where we're at?
46.41,61.99,Ses01M_impro06_M006,sad,1.5,2.5,3.5,Ses01M,"And I've kind of been dealing with all of the...the stuff, you know the hospital and people work because..."
116.163,120.5591,Ses02F_impro08_M010,neu,3.0,4.0,3.5,Ses02M,"--you know, the kids wanna go to the beach and stuff and so--um"
26.59,28.33,Ses05M_impro07_F008,hap,4.0,2.5,2.5,Ses05F,That's awesome.
155.57,157.29,Ses01M_impro05_F029,neu,2.5,2.5,2.5,Ses01F,That's too bad.
100.59,112.72,Ses05F_impro05_M014,neu,3.0,3.0,3.5,Ses05M,"All right?  Now, um- it's green, travel bag, you couldn't find it.  And was there something important in it that you need it?"
192.4325,194.11,Ses05F_impro08_M026,hap,3.5,3.0,2.0,Ses05M,"thank you, what's the number?"
36.11,40.0,Ses01M_impro06_M004,sad,2.0,3.0,3.5,Ses01M,God I've told this story so many times. Umm.
100.1566,102.0586,Ses02M_impro08_M010,neu,3.0,3.0,3.0,Ses02M,it- it'll work out fine.
362.7,367.6,Ses04F_impro07_M079,neu,3.5,3.0,3.5,Ses04M,"I hate to break this to you but you meet people by being cool, so-"
191.79,195.42,Ses04F_impro03_M034,neu,3.5,2.5,3.5,Ses04M,"Fried chicken, mashed potatoes."
26.91,28.71,Ses01F_impro04_M003,neu,3.0,2.5,2.5,Ses01M,Uh huh.
193.34,197.83,Ses05F_impro04_M017,neu,3.0,3.0,3.0,Ses05M,"Well, you know I'm not going to let you starve."
178.7739,181.4226,Ses02M_impro02_F014,sad,3.0,2.0,3.0,Ses02F,I'll miss you too.
91.0602,95.6349,Ses03M_impro08a_M008,neu,3.0,2.0,3.0,Ses03M,No.  Okay.  We're not charging you for any of these months.  We're going to give you three months free.
24.93,29.75,Ses03F_impro08_F003,neu,2.5,2.5,3.5,Ses03F,"Sir, please calm down.  There's no reason to use profanity like that.  It's not-"
10.370999999999999,11.6114,Ses02M_impro01_F001,neu,3.5,2.5,2.5,Ses02F,"Sure, um"
248.29,252.8,Ses05F_impro03_F055,hap,5.0,4.5,4.0,Ses05F,[LAUGHTER] Good luck.
389.8,391.11,Ses05F_impro04_F043,neu,3.0,3.5,3.0,Ses05F,yeah.
96.14,103.26,Ses05M_impro08_F011,neu,3.0,4.0,3.0,Ses05F,"Well, I- I can check that.  Is there anything else we can do, too?  Like, I'll go through and check the line throughout the house, but --"
173.6388,178.3072,Ses02M_impro06_F012,sad,3.0,2.0,3.5,Ses02F,Even if you still do she'll- she'll be there.
12.19,13.21,Ses03F_impro02_F001,neu,3.5,2.0,1.0,Ses03F,Yeah?
117.85,120.8,Ses01M_impro06_F013,neu,2.5,3.0,3.0,Ses01F,"Totally, yeah."
208.2,212.2955,Ses02M_impro08_M030,neu,3.3333,2.6667,2.6667,Ses02M,you know it gets- it gets difficult you know so Alright.
15.0537,16.7835,Ses03F_impro07_M003,neu,4.0,2.5,2.5,Ses03M,You're not pregnant or anything.
177.1044,179.2704,Ses03M_impro06_F014,sad,2.0,2.5,3.0,Ses03F,Yeah.
180.5347,182.2754,Ses03F_impro07_M033,neu,4.0,2.5,2.5,Ses03M,"Well, get used to it."
149.32,156.26,Ses04F_impro02_M012,sad,1.5,2.0,2.5,Ses04M,I mean we can't-we're not a complete family without you here.
11.48,16.5042,Ses02M_impro05_M002,neu,3.0,3.5,3.0,Ses02M,"Yes, yes, it's gone around like you know twenty times. It's been about a half hour."
49.0336,50.63,Ses04M_impro06_M003,sad,2.5,1.5,1.5,Ses04M,Yeah.
70.82,76.17,Ses02F_impro06_M008,neu,2.6667,1.6667,2.0,Ses02M,I mean--I don't know.
123.95,128.74,Ses05F_impro06_F016,sad,1.5,2.0,3.0,Ses05F,I can't imagine what his- what his parents are going through.
151.89,154.82,Ses05F_impro08_M020,neu,3.0,2.0,1.5,Ses05M,Are you taking the late fee off of my account then?
7.17,11.72,Ses03M_impro05a_M000,ang,2.0,4.0,4.5,Ses03M,Yes you can help me.  Where is my luggage?
289.17,291.1846,Ses04M_impro06_F017,sad,2.5,2.0,1.5,Ses04F,I know.
158.05,159.89,Ses05F_impro06_M019,neu,3.0,2.0,2.5,Ses05M,No problem.
59.7475,62.15,Ses03M_impro05b_F009,neu,3.0,3.5,2.5,Ses03F,"Like the luggage, the luggage on the flight."
10.32,13.05,Ses05M_impro05_M001,neu,3.0,2.3333,2.3333,Ses05M,"So, um, what do I do?"
30.89,32.26,Ses05F_impro05_F004,neu,2.5,2.5,2.5,Ses05F,Right.
97.5846,100.3874,Ses03M_impro01_M017,ang,4.0,3.0,3.5,Ses03M,Yes I will.  I'll have this [GARBAGE]
23.9,26.15,Ses03M_impro05b_F003,neu,3.0,2.0,3.0,Ses03F,Okay.  Let's look up here
18.22,20.075,Ses03F_impro01_F002,neu,2.6667,2.3333,2.3333,Ses03F,What's wrong?
79.57,82.0655,Ses03M_impro03_M012,hap,4.0,3.5,3.5,Ses03M,Sara and I--
188.85,191.06,Ses03M_impro08b_M020,neu,3.0,2.5,3.0,Ses03M,and battling through with us.
6.17,8.24,Ses04M_impro05_F000,neu,4.0,2.0,2.5,Ses04F,"Hi, how can I help you?"
147.03,151.7101,Ses01F_impro02_M012,neu,2.5,2.0,2.0,Ses01M,Don't you guys have access to computers over there.
163.25,166.99,Ses01F_impro05_M028,neu,2.5,2.5,2.0,Ses01M,"Um, actually, I don't know. I don't know. Oh really?"
190.395,193.3989,Ses03M_impro03_M030,hap,3.0,2.5,3.5,Ses03M,"You got to meet her, she's wonderful."
202.2,205.9,Ses04M_impro04_M022,neu,4.0,2.0,2.6667,Ses04M,Yours.  I don't--
65.7,75.57,Ses05M_impro06_M006,sad,2.0,3.5,2.5,Ses05M,"He was a designer, you know.  But he did everything. You know, He painted and he- and he did costume design, he did set design, he did lighting, he was --"
64.77,75.67,Ses03M_impro08b_M005,neu,3.0,3.0,4.0,Ses03M,"Um- well it's probably easy.  Can you any more symptoms either you're not receiving calls----ok, you're not receiving calls, not getting calls."
77.75,81.2389,Ses02M_impro07_F014,hap,4.0,4.5,3.5,Ses02F,No but that's an awesome school. That's so cool.
99.015,100.88,Ses03F_impro02_F015,sad,2.5,2.0,1.5,Ses03F,"Yeah, and uh--"
9.283999999999999,11.0248,Ses03F_impro07_M001,neu,4.0,2.0,2.0,Ses03M,I'm all right.
11.55,13.33,Ses05M_impro05_F001,neu,3.0,2.6667,1.6667,Ses05F,How long ago was that?
143.52,149.35,Ses01M_impro05_M022,ang,1.5,4.0,4.5,Ses01M,My computer which has all of my data which I'm collecting right now.
13.5804,16.6469,Ses03M_impro06_M000,sad,3.0,2.0,2.5,Ses03M,I ah--
230.1155,232.8746,Ses03F_impro06_F035,sad,1.5,1.5,3.5,Ses03F,I loved him so much.
79.2956,82.6661,Ses01M_impro06_M009,sad,1.5,2.5,2.5,Ses01M,No.
104.37,106.63,Ses03F_impro08_F016,neu,3.0,2.5,3.0,Ses03F,we compensating you for all your-
39.76,49.18,Ses05F_impro08_M005,ang,2.0,4.5,3.5,Ses05M,"Can you like talk to somebody about this, can you like can you tell them that this is ridiculous and can they change it from now on, is there a phone number you have that I can call that will like automatically be talking to somebody a human being."
183.77,189.08,Ses01M_impro02_M023,sad,1.5,2.5,3.5,Ses01M,"I really don't want to go, I don't want to go..."
61.7187,63.7973,Ses02M_impro02_M007,sad,3.0,2.5,3.5,Ses02M,"You gotta take care of our baby for me, alright?"
131.95,134.62,Ses01M_impro07_M017,hap,4.0,3.5,2.5,Ses01M,They do it's--believe me it's huge.
83.7292,86.9924,Ses03M_impro02_M012,sad,2.0,2.5,3.5,Ses03M,Honey you're not going to be by yourself--
7.6018,10.43,Ses05F_impro02_M000,neu,3.0,2.5,1.5,Ses05M,What is it?
392.0554,396.31,Ses05F_impro04_M041,neu,3.0,2.0,3.0,Ses05M,"Okay.  Okay, I'll call some people."
158.135,161.2675,Ses03F_impro02_M016,sad,2.0,2.5,2.0,Ses03M,You can't leave your daughter alone like this.
77.21,81.62,Ses05F_impro05_M010,neu,2.5,2.5,3.5,Ses05M,"Okay, and what is that?  What kind of bag is it?"
139.5605,145.0028,Ses02M_impro04_F010,neu,3.0,2.0,3.0,Ses02F,"That's- I mean. There are more factors then just whether you're good or not, you know what I mean like"
213.17,214.55,Ses05F_impro08_F033,neu,4.0,2.0,2.0,Ses05F,bye bye
133.88,137.1,Ses01F_impro02_M011,sad,2.5,1.5,2.5,Ses01M,Yeah.
331.92,334.76,Ses04F_impro07_M072,neu,3.0,2.0,3.5,Ses04M,lots of drunk frat boys
97.6125,99.7,Ses03F_impro07_F017,hap,4.5,2.5,2.5,Ses03F,Yeah. It's really cool.
172.77,174.93,Ses02F_impro06_F011,sad,1.3333,3.3333,2.0,Ses02F,I'm gonna forget him.
200.0327,202.4358,Ses03F_impro06_M010,sad,2.0,2.5,3.0,Ses03M,Some people.
50.62,53.06,Ses03M_impro07_F008,hap,4.0,3.0,3.0,Ses03F,Yeah.  Hopefully it won't be like high school.
142.1038,147.94799999999995,Ses03F_impro03_F021,hap,3.5,3.5,3.5,Ses03F,"like I think I want to get married--I want to have two weddings. One here, then one in Europe."
51.48,56.8564,Ses04M_impro06_F004,sad,3.0,3.0,3.0,Ses04F,"But, I'm here if there's anything you need.  I mean, you just have to ask.  I know --"
82.16,88.2252,Ses02F_impro06_F006,sad,2.0,2.6667,2.3333,Ses02F,"I mean, he was like really conscious right up until the end. you know"
129.43,139.16,Ses01F_impro04_M021,neu,3.5,3.5,3.0,Ses01M,"Well, sometimes you have to do things that you don't necessarily like to do to have a job. But the job affords you money, you won't have to be taking the bus right now."
346.09,355.74,Ses05F_impro05_F041,ang,1.0,4.5,4.5,Ses05F,"No, I don't think I am.  I like have a whole bunch of stuff that means a lot to me, and I brought it you know from Africa.  It's not like I can just go back and get it whenever I want."
202.3531,208.07,Ses05F_impro05_F022,ang,2.0,4.0,4.0,Ses05F,"Right, but part of the agreement is that I'm paying so that I can take myself and my belongings with me."
87.19,91.3275,Ses03M_impro05a_M016,ang,1.5,4.5,4.5,Ses03M,"Oh, oh, that's a good deduction."
19.0,24.66,Ses05F_impro02_F002,sad,2.0,2.5,1.5,Ses05F,I'm sorry.  It's just a lot ahh to explain. ahh I got a call--
131.02,133.25,Ses01F_impro05_M022,neu,2.5,2.0,2.0,Ses01M,Okay. Calm-
100.63,102.81,Ses05F_impro08_F015,neu,3.0,2.0,2.5,Ses05F,if I call it up on the screen.
355.76,358.78,Ses05F_impro05_F042,ang,1.5,4.0,4.5,Ses05F,It's not like I can go to Kmart and buy another.
69.3126,73.04,Ses04M_impro05_F007,neu,2.5,2.5,2.5,Ses04F,"Um, but, actually, our policy is a fifty dollar"
143.6889,152.0367,Ses03M_impro06_M019,sad,2.5,2.5,4.0,Ses03M,then I got busy with work and stuff and three years go by
103.88799999999999,108.8276,Ses03F_impro06_F015,sad,2.5,2.5,3.5,Ses03F,"I know. He was, he had so much going for him."
129.19,136.15,Ses05M_impro06_M012,sad,1.5,3.0,2.0,Ses05M,"You think that things get easier, you know, as you as you get older and you -"
89.87,92.7589,Ses04M_impro05_F010,neu,4.0,2.0,2.5,Ses04F,I can't do that.
116.47,123.1,Ses05M_impro03_M014,hap,4.0,3.3333,2.6667,Ses05M,"Yes.  We did that in the beginning, exactly.  So we had, so we just had, you know, good times the rest of the weekend, yeah."
83.89,89.8,Ses05F_impro04_F008,ang,1.5,4.0,4.5,Ses05F,I still can't live on in six seven and five.  It's not possible in Los Angeles.  Housing is too expensive.
166.37,167.6,Ses01M_impro05_F033,neu,3.0,2.5,3.0,Ses01F,No.
194.34,197.29,Ses04F_impro08_M022,ang,2.0,3.0,4.0,Ses04M,Cindy?  Cindy what?
184.7,186.34,Ses05F_impro06_M021,neu,3.0,2.0,2.5,Ses05M,yeah.
182.83,185.8894,Ses01F_impro02_F019,sad,2.5,1.5,2.0,Ses01F,I'll send you lots of letters.
219.75,221.9,Ses05M_impro03_M033,hap,4.6667,3.3333,3.0,Ses05M,Thank you.
83.15,88.98,Ses03M_impro08b_M007,neu,2.5,3.0,3.5,Ses03M,"Well, um- okay.  Your sim card is in- didn't fall out-"
78.31,81.46,Ses04M_impro05_M010,ang,3.0,2.5,3.0,Ses04M,"I don't but the thing is, I don't care about your policy."
143.29,145.77,Ses03M_impro05a_F025,neu,3.0,2.5,3.5,Ses03F,I am the manager sir.
256.79,260.88,Ses05F_impro03_F057,hap,4.0,3.5,3.5,Ses05F,"You should just approach her like that.  Hey, will you bear my children?"
38.8667,44.0823,Ses02M_impro01_F006,neu,2.5,3.0,2.5,Ses02F,"Um, that you would need to go home and get another form of ID and come back."
82.11,85.05,Ses03M_impro04_M008,ang,2.5,3.0,3.0,Ses03M,I'm smarter than half the people I work for.
42.09,43.41,Ses01F_impro03_M008,neu,4.0,2.6667,2.0,Ses01M,Yeah.
117.015,121.9555,Ses03M_impro06_M017,sad,1.5,3.0,4.5,Ses03M,"-do I miss him or do I hate him, you know?"
133.5575,137.9057,Ses03F_impro04_M015,neu,3.0,2.5,3.0,Ses03M,How's the job? Still waiting tables at Denny's?
116.54,128.97,Ses05M_impro06_M011,sad,1.5,3.0,2.0,Ses05M,"And now I don't have that person anymore, you know.  And it's -- -- it's just, you."
219.5,221.87,Ses04F_impro02_F018,ang,1.5,3.0,2.5,Ses04F,I feel much better now.
158.5369,166.766,Ses02F_impro02_F011,sad,1.5,2.0,3.0,Ses02F,"I mean, it's just as hard for me, but--I know that we can do it, you know"
57.3791,64.1421,Ses02M_impro01_M009,ang,1.5,4.5,4.0,Ses02M,Shouldn't they have like told us about that? I mean why - why would they make me go and wait three hours if I have got to go and do it again?
24.5138,28.15,Ses02M_impro01_M004,neu,3.0,3.5,3.0,Ses02M,"Uh, sorry, I forgot them. I mean I've got to -"
183.92,190.69,Ses04F_impro04_M023,neu,3.0,3.0,2.5,Ses04M,"Because I don't know I mean just, you know, just keep- keep- keep at it.  Keep trying.  Go-"
74.3085,75.0407,Ses02M_impro05_F009,neu,3.0,2.5,2.5,Ses02F,Okay
217.54,220.65,Ses05M_impro03_F031,hap,4.3333,2.6667,2.6667,Ses05F,"That's incredible yeah ,Congratulations."
156.325,158.6525,Ses03F_impro02_F023,sad,2.0,3.0,1.5,Ses03F,"Babe, I love you."
135.85,145.05700000000004,Ses02F_impro04_M010,neu,2.5,3.5,4.0,Ses02M,"It's not worthless 'cause it's definitely gonna--it's definitely gonna pay off.  I know it.  I mean, I can--I've just--I've seen your work etiquette.  You know, you're a good worker and..."
17.2553,20.0055,Ses03M_impro06_M001,sad,3.5,2.5,2.5,Ses03M,alright.
162.0146,173.1274,Ses02F_impro08_F022,neu,3.5,3.5,4.0,Ses02F,"So, it's a five hour flight, but you'll arrive only at eleven a clock in the morning.  So that day, you can have plenty of time to get to your hotel--Rest up and then still have a nice afternoon your first afternoon in Maui."
107.98,124.59,Ses04F_impro05_F011,ang,1.5,4.5,5.0,Ses04F,Look fifty dollars is unacceptable.  My bag itself cost over a hundred and fifty dollars.  You can't just give me fifty dollar gift certificate to Percoes or whatever the hell and then send me off like that's- that's good enough.  Like that's all I needed was fifty dollars.  My bag is worth more than that.
67.3201,68.6995,Ses03F_impro07_M012,neu,4.0,2.5,2.0,Ses03M,oh yeah.
158.675,166.4244,Ses03M_impro08a_F021,ang,1.5,4.5,4.5,Ses03F,"I am a realtor and this is my business.  People are calling me all the time but you know, and I don't have a land line.  I can't afford to have a land line"
280.32,284.39,Ses04F_impro07_M058,neu,3.0,3.5,3.0,Ses04M,"I mean, like, I don't know.  I'm just saying if you need to make some extra cash.  You can, you know"
131.16,134.95,Ses03F_impro02_F020,sad,1.5,2.0,1.5,Ses03F,"Babe, I'm sorry. But I don't want to do."
161.48,168.58,Ses03M_impro05b_F021,neu,2.5,3.0,3.0,Ses03F,"Well, the entire flight, sir, the luggage was placed on another plane that never actually left Baltimore."
136.4628,142.2035,Ses03F_impro06_F021,sad,2.0,2.5,3.5,Ses03F,"It's weird, I kind of feel like part of me is gone now, you know?"
117.21,118.47,Ses01M_impro03_F018,neu,3.5,2.5,3.0,Ses01F,Yeah.
195.67,202.37,Ses05M_impro08_M025,neu,4.0,3.5,3.0,Ses05M,Uh huh Uh huh We want you to be happy.  You're our customer.  You're the most important thing. Okay?
165.32,167.36,Ses05F_impro03_F036,hap,5.0,4.5,4.5,Ses05F,[LAUGHTER]
51.1,53.68,Ses05M_impro08_M005,neu,3.0,3.0,2.5,Ses05M,Has somebody tried to pin your site?
111.1763,112.7157,Ses04M_impro05_M016,ang,2.5,2.0,2.0,Ses04M,You--
180.81,188.2546,Ses02M_impro04_F015,neu,3.0,2.3333,3.3333,Ses02F,"But like, just because you're considering why it's been so difficult doesn't mean you should just stop."
119.01,120.88,Ses03M_impro05a_M021,ang,1.5,4.5,4.5,Ses03M,Don't yell at me.
132.51,134.5925,Ses03F_impro08_M021,neu,3.0,2.5,3.5,Ses03M,About three million dollars.
163.54,165.73,Ses01F_impro02_F016,neu,2.0,1.0,2.5,Ses01F,I have to find sitters.
48.73,52.86,Ses01M_impro07_M006,hap,4.0,3.0,2.0,Ses01M,"I don't know. I should ask. Yeah, I will."
145.05,151.19,Ses03M_impro05a_M026,ang,2.5,3.5,4.0,Ses03M,"You're the manager? You don't know where you work for, you don't know where you're at and you're the manager?"
12.89,19.57,Ses04F_impro03_M001,neu,4.0,2.5,3.0,Ses04M,"Uh, you got a new car, a new house. Uh, a dog."
187.7365,191.1325,Ses02M_impro08_M027,neu,3.3333,3.0,3.0,Ses02M,And you know just I mean be careful in the future if um
166.11,167.7325,Ses03F_impro04_F024,sad,2.5,2.5,2.5,Ses03F,Yeah
157.3912,161.0958,Ses03F_impro04_M017,neu,3.5,3.0,3.0,Ses03M,Maybe you could start teaching. I don't know.
27.98,29.622,Ses02M_impro01_F004,neu,3.0,3.0,3.0,Ses02F,Well
89.44,95.3,Ses05F_impro04_M008,neu,2.5,3.5,3.0,Ses05M,"and No, I understand, but you've got to start somewhere.  It's better than nothing and that's all you have.  You have nothing right now."
200.57,204.3,Ses05M_impro03_F027,neu,3.3333,2.6667,2.6667,Ses05F,"Yeah, have you ever like lived with someone else before?"
29.42,35.95,Ses02F_impro05_M002,neu,3.0,2.5,2.0,Ses02M,"Uh, well some-some of the bags were--were lost on the way over here. uh-"
69.57,71.54,Ses05F_impro06_F007,sad,2.0,2.0,3.5,Ses05F,"I just, I don't know."
111.63,118.5,Ses04M_impro04_F007,neu,3.0,2.6667,3.6667,Ses04F,"If you're not willing to try and work with it and find something and, you know, I mean, there are things you could do."
146.81,149.37,Ses04F_impro02_F011,sad,1.5,2.5,2.0,Ses04F,What's that supposed to mean?
200.81,203.14,Ses04M_impro07_M030,neu,4.0,2.5,3.0,Ses04M,Maybe some golf matches.
177.46,183.79,Ses04M_impro08_M020,neu,3.0,3.5,3.0,Ses04M,"I mean, technically, that's policy.  But, like, I mean, I don't really care about -- nobody really cares about policy here."
6.5663,11.4367,Ses03M_impro08a_M000,neu,3.0,3.0,2.5,Ses03M,Hello.  This is Viacom Services.  How can I help you?
241.32,247.38,Ses02F_impro05_F019,ang,2.0,3.5,4.0,Ses02F,It sounds like it's such a little like oh well no big deal whatever.  It's a big deal to me.
144.09,145.68,Ses01F_impro06_M010,neu,3.0,2.5,3.0,Ses01M,Oh really?
104.97,107.78,Ses01F_impro04_M017,neu,3.0,3.5,3.0,Ses01M,"No.  But it has an outline, you know."
123.98,133.33,Ses02M_impro07_M026,hap,4.0,4.0,4.0,Ses02M,"I'm looking forward to getting there. I mean, God, the campus is cool, you know it's like all just very confined I mean just you know it's a college campus you know it's like"
65.34,69.58,Ses05F_impro01_F008,neu,2.0,3.5,3.5,Ses05F,"So could I maybe get the form from you, fill it out here- and maybe you could-"
125.73,128.52,Ses04F_impro03_M021,neu,2.5,4.0,4.0,Ses04M,I know but you just asked me to-
45.2702,51.6338,Ses03F_impro05_M003,neu,3.0,3.0,3.0,Ses03M,"Oh, not--we didn't lose it; maybe the airport lost it. Maybe someone stole it."
120.22,125.24,Ses01M_impro04_F013,neu,2.5,3.0,2.5,Ses01F,"Well, you know a little.  If you were to listen to--"
264.0,265.55,Ses05F_impro03_M066,hap,4.0,3.5,3.5,Ses05M,"That's what girls like, right?"
198.66,205.17,Ses01F_impro05_M034,neu,2.5,2.5,2.5,Ses01M,"If you want, you can write a letter.  I can give you the address. Yes.  An angry--"
96.6544,108.6034,Ses02F_impro02_F007,sad,2.0,2.5,3.0,Ses02F,"and--I mean, my daughter--I don't want to put her in danger.  You know?  She has to stay."
106.14,108.33,Ses05M_impro03_F008,hap,4.3333,3.6667,3.0,Ses05F,so cute.
243.9962,246.0341,Ses02M_impro06_F017,sad,2.5,2.0,2.5,Ses02F,Yes.
9.76,11.85,Ses05F_impro05_M000,neu,3.0,3.0,3.0,Ses05M,"Okay, what flight were you on?"
93.51,98.25,Ses03F_impro08_F014,neu,3.0,3.0,3.0,Ses03F,"And we will probably send you a calling card.  I'm very sorry.  You're just going to have to be patient, sir."
82.29,90.68,Ses02F_impro05_F006,ang,2.0,4.5,4.0,Ses02F,"That's all, that's all, that's all you're going to do is just give me fifty dollars and say go have fun on your vacation without any of your stuff?"
82.0975,85.08,Ses01F_impro03_F017,neu,3.6667,2.6667,2.3333,Ses01F,"Uh, I think seven hundred and fifty dollars."
255.55,263.25,Ses04M_impro06_M016,sad,2.0,2.0,2.5,Ses04M,I hope it rains.  Somehow that'll make me feel more comfortable.
148.7303,156.14,Ses02M_impro06_M011,sad,2.5,2.0,3.5,Ses02M,"Yes, I mean she cared about all of us. She was great"
95.45,99.875,Ses01M_impro02_M013,sad,1.5,3.0,3.5,Ses01M,I guess you're just going to have to have it without me.
141.06,145.04,Ses01M_impro04_F017,neu,3.0,3.0,2.5,Ses01F,"Like this, right now we're trying have a conversation."
120.66,122.32,Ses05F_impro06_F015,sad,2.0,2.0,2.5,Ses05F,[BREATHING]
185.97,188.85,Ses05M_impro03_M027,hap,4.0,3.3333,3.0,Ses05M,"Of course, we're gonna have kids, like three at least."
197.64,200.8,Ses04F_impro03_M035,neu,2.0,3.0,4.0,Ses04M,Well I can't be in charge of this.  I mean I got things I got to do.
132.68,138.85,Ses03M_impro08b_M012,neu,3.0,2.5,4.0,Ses03M,Tell them my name.  My name is Brent Backersen.
293.59,295.175,Ses03F_impro02_F040,sad,2.0,3.0,1.5,Ses03F,I know.
231.9856,234.9547,Ses03M_impro06_F019,sad,2.5,2.0,3.0,Ses03F,I would've loved to.
162.62,164.07,Ses05M_impro07_F039,hap,4.0,2.0,2.0,Ses05F,good for you.
153.145,159.61,Ses03M_impro05b_F020,neu,2.5,3.5,2.5,Ses03F,"I mean, our airline's fault.  I don't know what happened, misplaced, something happened but we will get you--"
106.3064,111.1739,Ses03M_impro06_M015,sad,2.0,2.5,3.0,Ses03M,and the kids are paralyzed in a coma right now.
96.6931,98.8348,Ses03M_impro06_F008,sad,1.5,2.5,3.5,Ses03F,Oh man.
139.1622,143.9179,Ses03F_impro05_M011,neu,4.0,2.5,3.0,Ses03M,"I think that's kind of stupid, that you put a hundred thousands of dollars in the bag."
74.06,75.65,Ses03M_impro04_F007,sad,3.0,1.5,1.5,Ses03F,Yeah.
167.4159,171.6,Ses04M_impro07_M025,neu,3.0,2.5,3.5,Ses04M,"Ouch.  That's, um -- oh, wow."
148.69,151.21,Ses04F_impro01_M023,ang,1.5,4.5,5.0,Ses04M,You're testing my goddamn patience.
156.4905,161.4797,Ses03M_impro06_M021,sad,2.5,3.0,3.5,Ses03M,I mean I haven't even talked to him on the phone for the past three months.
336.42,337.64,Ses04F_impro07_M073,neu,4.0,2.5,3.0,Ses04M,Yeah.
127.485,136.85,Ses01F_impro05_F017,ang,1.5,5.0,4.5,Ses01F,I don't care what you're freaking sign says.  Somebody- Somebody needs to replace everything I've got there and give me money for my inconvenience.
9.0256,11.695,Ses01M_impro04_F000,neu,2.5,2.5,3.5,Ses01F,You seem kind of down.
319.4,323.4,Ses05F_impro04_M031,neu,3.0,3.0,3.0,Ses05M,"Do they seem to like you? I mean, Can you get any read from them?"
170.61,177.53,Ses03M_impro05b_F023,neu,3.0,3.0,3.0,Ses03F,"Well we have some people back there that need some firing so, but I would just really appreciate--"
39.37,41.57,Ses05F_impro08_F004,neu,3.5,2.0,2.5,Ses05F,"yeah, I understand."
252.1016,254.1164,Ses02M_impro06_F018,sad,2.5,2.0,3.0,Ses02F,Yes.
105.76,109.09,Ses01M_impro01_F020,ang,1.0,4.0,5.0,Ses01F,Don't talk to me like I'm a child.
75.58,81.51,Ses05M_impro06_M007,sad,2.0,3.0,2.5,Ses05M,"he just did everything.  He was literally, literally the most talented guy I have ever met in my entire life."
74.2423,76.2871,Ses02M_impro01_M011,ang,2.5,4.0,3.5,Ses02M,"I filled out the application right, didn't I?"
28.37,34.71,Ses01F_impro03_F006,hap,4.0,3.3333,2.6667,Ses01F,"Uhuh, uhuh.  He won big and he-and he realized that the only thing that would make it better was me as his bride."
226.15,228.5558,Ses04M_impro02_F020,sad,2.0,1.5,1.5,Ses04F,When do you leave?
185.4522,189.8573,Ses03M_impro06_M025,sad,3.0,2.0,3.5,Ses03M,He was studying to be a doctor.
54.49,57.02,Ses03M_impro05a_F008,neu,3.0,2.5,3.0,Ses03F,How many pieces of luggage do you have checked in?
226.44,231.46,Ses04M_impro07_M036,neu,2.0,3.0,3.0,Ses04M,Forget it. Forget it. Forget it. No way.
5.072,9.3683,Ses02F_impro08_F000,neu,3.5,3.0,3.5,Ses02F,"Hi, my name is Shiloh, welcome to--Airline Six.  Hi, how may I help you?"
248.0522,265.9529,Ses02F_impro05_M020,neu,2.5,3.0,3.5,Ses02M,"All right, Miss, I-I know.  I realize this. But Like I said, there are several people that are in your same situation, so, um, it's not--it's not totally uncommon and I'm actually gonna have to ask you to move so I can help the next person."
81.52,87.5,Ses04M_impro07_M012,hap,3.5,3.0,3.5,Ses04M,"I'm guessing, you know it's like I I checked it out.  And, like, they have a decent history program."
75.0359,84.1992,Ses02M_impro02_M009,sad,3.0,2.5,4.0,Ses02M,I've never been - I've never been away from you for two weeks let alone a year.
203.16,206.5572,Ses03M_impro02_F029,sad,2.0,3.0,3.5,Ses03F,far away and he won't be here.
119.73,124.23,Ses05M_impro04_F011,neu,2.5,2.5,3.5,Ses05F,"Well, I don't really know.  I don't I don't know you in like a job situation, so."
255.35,257.31,Ses01F_impro06_M015,neu,3.0,3.0,2.5,Ses01M,Mmhmm.
41.3695,44.4061,Ses03M_impro08a_F004,neu,2.5,2.0,2.0,Ses03F,two two six six.
143.88,145.21,Ses05M_impro07_F033,neu,4.0,2.0,2.0,Ses05F,Okay.
31.256,34.4725,Ses01M_impro04_F003,neu,2.5,2.0,3.0,Ses01F,There's a lot of people looking for jobs.
91.98,99.61,Ses05M_impro06_M009,sad,1.5,3.0,2.0,Ses05M,"I mean, one second you think, you know, you're just having a conversation and then --"
198.33,203.88,Ses05F_impro08_M028,hap,4.0,3.0,2.5,Ses05M,"six four nine four. That would be so great, thank you so much."
161.285,165.745,Ses03F_impro02_F024,sad,2.0,3.5,2.5,Ses03F,"But she has you. I mean, that's what you're there for. You're my right-hand man."
53.7075,56.24,Ses01M_impro05_F013,neu,3.0,2.5,3.5,Ses01F,Four...Four hours ago.
74.5172,79.0786,Ses03F_impro06_F011,sad,2.5,2.0,3.0,Ses03F,He's so young. It seems so--
102.18,104.11,Ses05F_impro08_M013,neu,2.5,2.5,2.5,Ses05M,"Okay, great, go ahead."
118.1619,122.1723,Ses02F_impro05_M009,neu,2.5,3.0,2.0,Ses02M,"Yes, I know. I know-. It's It's frustrating.  Unfortunately though-- um"
34.8667,43.5889,Ses03F_impro06_F005,sad,2.0,3.0,3.0,Ses03F,"They thought he got--would get better and he did, and then it just- things turned bad."
133.47,143.18,Ses05M_impro08_M017,neu,3.5,3.5,3.0,Ses05M,"Okay Okay, And Um- letters and numbers and stuff.  Uh- Can you - Can you just type in IP address search? And hit enter."
17.23,22.51,Ses04M_impro06_F002,sad,2.0,2.0,2.0,Ses04F,"I know- I know there's nothing I can say that will really help, but--"
199.61,204.8248,Ses03M_impro06_M027,sad,2.5,2.5,3.0,Ses03M,What the...what am I doing?
128.22,132.82,Ses05M_impro04_F012,neu,2.5,3.0,3.0,Ses05F,"Wow.  I don't -- I mean, do you- do you have an attitude problem when you're on the job?"
165.61,168.1,Ses01F_impro06_M012,neu,2.5,2.5,2.5,Ses01M,Is it a big cemetery?
150.5,152.54,Ses04F_impro01_F019,ang,2.0,3.0,4.0,Ses04F,I'm testing your patience?
167.56799999999996,169.7174,Ses03M_impro08a_F022,ang,2.0,3.0,4.0,Ses03F,That you better be sorry.
175.0,182.38,Ses04F_impro08_M019,ang,2.5,4.0,4.5,Ses04M,because I know you're at a desk right now in your stupid corporate building and you're going to send me a check for sixteen dollars and forty two cents.
126.7989,133.6168,Ses02M_impro05_M016,ang,2.0,4.0,4.0,Ses02M,"Theft? Don't you know like all these people that are work - you keep like an eye on them, how can they get away with-"
117.07,126.04,Ses01F_impro06_F012,sad,2.0,3.5,4.5,Ses01F,"I don't know.  It just, like, I felt so bad because I shouldn't have done it.  I don't know.  Whatever."
199.1,201.62,Ses04M_impro07_F026,neu,3.5,2.5,3.0,Ses04F,"Okay.  Well that's cool, too, but like--"
139.87,141.31,Ses02F_impro03_M014,neu,4.0,2.5,2.25,Ses02M,That's great.  Yeah.
31.85,42.08,Ses04F_impro02_F002,sad,1.5,2.0,2.0,Ses04F,I don't know what to say.  I don't want to go but I don't have a lot of choice.
80.36,90.87,Ses05M_impro08_M009,neu,3.0,3.5,3.0,Ses05M,"Okay.  Is it being- Is it being compressed between anything by any chance?  Because sometimes your connection can be you know, disrupted by, you know, the cable being squished."
239.66,242.72,Ses05M_impro04_F034,neu,3.0,3.0,3.5,Ses05F,"That's rough.  I'm really sorry, Ryan."
159.35,160.74,Ses01M_impro06_M020,sad,3.0,2.5,2.0,Ses01M,What?
21.25,27.558000000000003,Ses05F_impro06_F001,sad,2.0,2.5,3.0,Ses05F,"Oh they had some pretty progressive cancer,"
99.7775,102.03,Ses01F_impro03_F022,neu,3.3333,2.6667,2.0,Ses01F,Fifty bucks. Mmhmm.
73.8543,79.1665,Ses02M_impro04_F006,neu,3.3333,2.3333,2.3333,Ses02F,"Well, I mean you're still here you've tried for this long so I think that says something all in itself."
174.6,182.79,Ses05M_impro03_M025,hap,4.0,3.3333,2.6667,Ses05M,"Oh, yeah.  My mom's freaking out. Oh yeah, She's so happy. this is you know  It's her dream come true.  She always wanted her little boy -- she wants kids, you know."
48.3219,52.36,Ses05F_impro05_M007,neu,2.5,3.5,3.5,Ses05M,I'm not sure where it is.  We can absolutely keep an eye out for for it for you.
58.78,60.21,Ses01M_impro07_F010,neu,3.0,2.0,2.0,Ses01F,Oh.
78.1955,82.6714,Ses02M_impro08_M007,neu,3.0,3.3333,2.6667,Ses02M,"Yea. All right. Well, let me-let me look it up here for a second. Uh, so i think"
69.5168,73.9495,Ses02M_impro08_F008,neu,3.0,3.6667,2.6667,Ses02F,"Uh, I don't know where it came from and it's actually quite large, and I don't have the money for it so"
81.52,89.96,Ses05M_impro06_M008,sad,1.5,3.0,2.0,Ses05M,And he's gone now and I  -- I just can't believe it.
328.23,331.95,Ses05F_impro04_M032,neu,3.0,3.0,3.0,Ses05M,Have you ever called them back and asked why you didn't get the job?
103.51,107.64,Ses05F_impro06_F012,sad,1.5,2.5,3.0,Ses05F,"I feel really bad for his family, you know."
52.26,58.7975,Ses03M_impro08b_F006,ang,1.5,2.5,4.0,Ses03F,No I did not drop my phone in water.  I'm not five years old and just dropped my phone anywhere I see it.  Okay this is my business.
259.25,262.14,Ses05F_impro05_M034,neu,3.0,3.0,3.0,Ses05M,"Uh, so it was really heavy."
223.9257,233.6212,Ses02M_impro06_M019,sad,2.0,2.0,4.0,Ses02M,"Well, you know I appreciate you coming over and talking to me, I mean it definitely helps"
99.82,106.3,Ses02M_impro06_M007,sad,2.0,2.0,3.5,Ses02M,"out to- out to dinner you know and do the troops to California, I mean."
61.57,65.73,Ses05F_impro02_F009,sad,1.0,3.0,1.5,Ses05F,I know.  I know.
8.13,11.29,Ses03M_impro04_M000,sad,2.5,1.5,1.5,Ses03M,I'm just so tired all the time.
195.3,199.72,Ses04M_impro04_M021,neu,2.6667,2.6667,2.3333,Ses04M,That's not true.  I take responsibility for my own actions.
104.36,118.33,Ses04F_impro08_F008,neu,4.0,2.5,2.5,Ses04F,"Well I'm very sorry, sir.  They should have dealt with it at that particular branch.  I apologize for that, uh, but we can help you.  That's no worries.  We can take care of that.  So how much did you need to be refunded?"
13.07,19.82,Ses05M_impro05_M002,neu,3.0,3.0,2.3333,Ses05M,"Uh- Like, an hour and a half ago.  I talked to somebody who was standing out there and they said wait.  Sometimes like random butt- pieces come out late."
85.72,93.9575,Ses01F_impro05_M016,neu,2.5,2.5,2.0,Ses01M,"No.  I'm just giving you money, the bag is gone.  If it's not here, I'm really sorry there is nothing I can do because..."
127.415,136.4228,Ses03M_impro03_M021,hap,4.0,4.0,4.0,Ses03M,"You're my guiding light, then they put on that song the I've had the time of my life, that song."
74.44,76.28,Ses05M_impro05_F012,neu,3.0,2.0,2.0,Ses05F,"yeah, I don't know."
90.81,92.07,Ses05F_impro08_F012,neu,3.0,1.5,2.0,Ses05F,Okay.
89.4093,97.07,Ses02F_impro04_M006,neu,2.5,4.0,4.0,Ses02M,"There...There are plenty of people out there with--with like, good jobs, you know, that are a lot..."
70.81,81.65,Ses03F_impro08_F010,neu,3.5,3.5,4.0,Ses03F,"Sir, I'm very sorry, but this is the way it is.  This- We have no control over it.  It's going to take-  -but you have to be patient with us.  You can use a calling card.  We will give you a free calling card to use."
68.4122,72.1731,Ses03M_impro01_M011,ang,1.5,3.5,4.0,Ses03M,I'm not going anywhere.  I'm staying right here.
107.02,108.56,Ses01M_impro06_F011,neu,2.5,2.0,2.5,Ses01F,Yeah.
32.3075,37.96,Ses01F_impro02_F003,neu,2.0,2.0,2.0,Ses01F,"I guess, you know, everybody has to make sacrifices."
10.01,12.2924,Ses02M_impro01_M002,neu,3.0,3.5,2.5,Ses02M,get my new license.
242.15,243.94,Ses05F_impro03_F053,hap,4.0,2.5,3.0,Ses05F,Definitely not for a while
41.73,43.37,Ses02F_impro06_F003,sad,1.3333,1.3333,1.6667,Ses02F,Yeah.
105.3994,111.5716,Ses02M_impro05_F013,neu,2.5,3.0,3.0,Ses02F,"they - they, it gets shipped to somewhere else and then it's stuck somewhere and then we have no way of tracking that."
33.99,37.9253,Ses05F_impro05_M004,neu,3.0,2.5,3.0,Ses05M,"Okay.  Well, let me see here. I-"
38.49,40.68,Ses05F_impro02_M004,ang,1.5,2.5,1.0,Ses05M,You got called up.
96.24,102.32,Ses03M_impro05a_M018,ang,1.0,5.0,5.0,Ses03M,Calm down?  It's my mother's funeral tomorrow.  I'm the one responsible for this.
48.73,61.77,Ses05F_impro08_F007,neu,3.5,2.0,2.5,Ses05F,"If yeah, well if you just slow down we'll um, we'll definitely have your problem solved and after we have your problem solved, then I can transfer you to a manager, someone who can you know, you can voice your complaint to, who will be able to something about it."
40.54,43.576,Ses01F_impro04_M006,neu,3.0,3.5,2.5,Ses01M,He's like a house manager. Yeah.  It's a good job.
74.89,81.26,Ses03M_impro07_M014,hap,5.0,4.5,2.0,Ses03M,Yeah.  This is so crazy.  I mean I didn't get into any other school but I got into the school I wanted.
89.16,93.4853,Ses02M_impro07_F017,hap,3.5,3.0,3.5,Ses02F,"Like you get to be a part of that. Like the, like the- Like a cult."
202.6138,208.2432,Ses03F_impro06_M011,sad,2.5,2.5,3.0,Ses03M,"Yeah, but you were there all the hospital days. By his bed-"
